06/04/07;"0:32:34";"0:13:43";"0:14:39";"0:8:16";"0:0:14"
01/01/10;"0:0:0";"0:0:0";"0:0:0";"0:0:0";"0:0:0"
11/02/12;"0:0:0";"0:0:0";"0:0:0";"0:0:0";"0:0:0"
22/03/12;"0:33:6";"0:37:5";"1:6:9";"0:1:41";"0:0:0"
24/03/12;"0:12:37";"0:32:10";"0:10:17";"0:0:0";"0:0:0"
27/03/12;"0:4:28";"0:5:19";"0:13:29";"0:2:57";"0:0:2"
27/03/12;"0:0:0";"0:10:52";"0:1:43";"0:0:34";"0:0:0"
28/03/12;"0:4:46";"0:26:6";"0:19:42";"0:1:45";"0:0:0"
01/04/12;"0:6:0";"0:44:35";"3:18:21";"0:24:19";"0:0:0"
05/04/12;"0:19:14";"0:25:55";"0:17:32";"0:1:23";"0:0:0"
26/04/12;"0:19:0";"0:27:26";"0:7:20";"0:0:16";"0:0:0"
28/04/12;"2:4:40";"2:9:41";"2:29:55";"0:12:53";"0:0:0"
29/04/12;"0:0:0";"0:0:0";"0:0:0";"0:0:0";"0:0:0"
30/04/12;"0:37:54";"0:2:5";"0:1:12";"0:0:0";"0:0:0"
01/05/12;"1:39:19";"0:57:25";"0:20:58";"0:0:0";"0:0:0"
01/05/12;"0:0:32";"0:6:18";"0:21:15";"0:4:57";"0:0:0"
01/05/12;"1:31:14";"0:11:42";"0:2:33";"0:0:0";"0:0:0"
03/05/12;"0:1:42";"0:8:36";"0:4:42";"0:0:0";"0:0:0"
03/05/12;"0:24:49";"0:16:28";"0:9:7";"0:2:12";"0:0:33"
03/05/12;"0:2:6";"0:16:30";"0:8:59";"0:0:0";"0:0:0"
04/05/12;"0:20:47";"0:10:49";"0:2:17";"0:0:0";"0:0:0"
04/05/12;"0:9:8";"0:13:14";"0:3:27";"0:0:0";"0:0:0"
04/05/12;"0:12:29";"0:0:0";"0:0:0";"0:0:0";"0:0:0"
07/05/12;"0:46:38";"1:38:29";"1:46:4";"0:4:4";"0:0:0"
12/05/12;"0:58:59";"1:35:16";"2:47:24";"0:1:55";"0:0:0"
13/05/12;"2:54:52";"1:52:56";"0:59:41";"0:0:19";"0:0:16"
15/05/12;"0:0:1";"0:15:11";"0:42:30";"0:9:13";"0:1:15"
17/05/12;"0:0:0";"0:0:0";"0:0:0";"0:0:0";"0:0:0"
19/05/12;"0:2:47";"0:32:54";"0:50:35";"0:11:20";"0:0:0"
20/05/12;"0:0:0";"0:0:0";"0:0:0";"0:0:0";"0:0:0"
23/05/12;"0:2:28";"0:11:24";"0:16:33";"0:6:31";"0:0:41"
26/05/12;"0:0:0";"0:0:0";"0:0:0";"0:0:0";"0:0:0"
27/05/12;"0:54:52";"1:5:27";"0:17:28";"0:0:0";"0:0:0"
31/05/12;"0:0:45";"0:18:23";"0:13:41";"0:9:15";"0:2:6"
01/06/12;"0:8:56";"0:29:50";"0:33:34";"0:1:34";"0:0:0"
04/06/12;"0:29:58";"0:14:25";"0:5:9";"0:0:0";"0:0:0"
07/06/12;"0:15:30";"0:29:21";"0:21:17";"0:6:28";"0:2:23"
09/06/12;"0:0:0";"0:0:0";"0:0:0";"0:0:0";"0:0:0"
12/06/12;"0:7:53";"0:7:54";"0:2:57";"0:0:0";"0:0:0"
12/06/12;"0:1:32";"0:22:12";"0:34:41";"0:12:30";"0:0:54"
12/06/12;"0:6:47";"0:9:0";"0:2:56";"0:0:0";"0:0:0"
15/06/12;"0:0:0";"0:0:0";"0:0:0";"0:0:0";"0:0:0"
21/06/12;"0:0:0";"0:0:0";"0:0:0";"0:0:0";"0:0:0"
25/06/12;"0:9:35";"0:5:30";"0:1:10";"0:0:0";"0:0:0"
25/06/12;"0:26:51";"0:9:34";"0:5:20";"0:0:19";"0:0:0"
26/06/12;"0:16:3";"0:4:50";"0:0:0";"0:0:0";"0:0:0"
26/06/12;"0:8:59";"0:24:25";"0:28:42";"0:9:3";"0:0:0"
26/06/12;"0:0:0";"0:0:0";"0:0:0";"0:0:0";"0:0:0"
28/06/12;"0:0:0";"0:0:0";"0:0:0";"0:0:0";"0:0:0"
03/07/12;"0:13:38";"0:12:47";"0:12:9";"0:3:27";"0:0:0"
03/07/12;"0:17:35";"0:22:48";"0:5:56";"0:3:47";"0:2:5"
03/07/12;"0:6:8";"0:10:14";"0:6:28";"0:0:0";"0:0:0"
08/07/12;"0:18:13";"0:50:48";"1:11:18";"0:4:16";"0:0:0"
11/07/12;"0:13:37";"0:38:17";"0:17:18";"0:4:8";"0:0:0"
12/07/12;"0:0:0";"0:0:0";"0:0:0";"0:0:0";"0:0:0"
13/07/12;"0:0:0";"0:0:0";"0:0:0";"0:0:0";"0:0:0"
15/07/12;"0:5:17";"0:23:43";"0:24:3";"0:5:55";"0:0:0"
23/07/12;"0:0:0";"0:0:0";"0:0:0";"0:0:0";"0:0:0"
24/07/12;"0:4:48";"0:19:2";"0:24:10";"0:6:28";"0:0:58"
26/07/12;"0:0:0";"0:0:0";"0:0:0";"0:0:0";"0:0:0"
27/07/12;"0:0:0";"0:0:0";"0:0:0";"0:0:0";"0:0:0"
29/07/12;"0:3:0";"0:20:35";"0:26:46";"0:6:41";"0:0:44"
30/07/12;"0:9:30";"0:22:43";"0:16:3";"0:1:52";"0:0:0"
01/08/12;"0:3:4";"0:2:33";"0:0:15";"0:0:0";"0:0:0"
04/08/12;"15:3:23";"1:59:35";"2:1:4";"0:12:37";"0:0:0"
05/08/12;"0:5:1";"0:2:41";"0:27:32";"0:0:0";"0:0:0"
07/08/12;"0:9:55";"0:50:21";"0:21:40";"0:0:0";"0:0:0"
07/08/12;"0:4:36";"0:10:9";"0:0:55";"0:0:0";"0:0:0"
08/08/12;"0:18:2";"0:0:46";"0:0:0";"0:0:0";"0:0:0"
08/08/12;"0:2:38";"0:0:0";"0:0:0";"0:0:0";"0:0:0"
08/08/12;"0:3:42";"0:29:55";"0:49:36";"0:0:25";"0:0:0"
09/08/12;"0:2:57";"0:16:10";"0:26:6";"0:11:9";"0:0:55"
11/08/12;"0:3:38";"0:6:55";"0:2:52";"0:0:0";"0:0:0"
12/08/12;"1:56:55";"1:36:54";"2:25:27";"0:4:46";"0:0:0"
14/08/12;"0:15:57";"0:4:50";"0:0:0";"0:0:0";"0:0:0"
14/08/12;"0:9:58";"0:7:13";"0:0:45";"0:0:0";"0:0:0"
15/08/12;"1:13:52";"1:53:4";"1:57:29";"0:12:2";"0:0:0"
20/08/12;"0:7:49";"0:0:59";"0:0:9";"0:0:0";"0:0:0"
20/08/12;"0:32:43";"0:0:51";"0:0:0";"0:0:0";"0:0:0"
21/08/12;"0:16:13";"0:5:45";"0:0:0";"0:0:0";"0:0:0"
21/08/12;"0:8:28";"0:5:31";"0:3:18";"0:0:57";"0:0:2"
22/08/12;"0:19:57";"0:9:1";"0:3:7";"0:0:0";"0:0:0"
22/08/12;"0:21:32";"0:15:57";"0:2:22";"0:0:19";"0:0:5"
22/08/12;"0:3:15";"0:9:52";"0:1:57";"0:0:0";"0:0:0"
23/08/12;"0:11:29";"0:43:42";"0:27:12";"0:0:29";"0:0:0"
24/08/12;"0:20:40";"0:0:44";"0:0:0";"0:0:0";"0:0:0"
24/08/12;"0:3:8";"0:19:49";"0:1:47";"0:0:0";"0:0:0"
24/08/12;"0:0:17";"0:2:17";"0:2:49";"0:3:59";"0:0:0"
24/08/12;"0:0:2";"0:0:25";"0:6:21";"0:4:59";"0:0:0"
24/08/12;"0:30:40";"0:2:23";"0:0:32";"0:0:0";"0:0:0"
25/08/12;"0:19:56";"0:43:30";"0:25:40";"0:2:15";"0:0:0"
29/08/12;"0:4:20";"0:16:35";"0:29:5";"0:6:33";"0:0:0"
30/08/12;"0:10:48";"0:31:18";"0:2:29";"0:0:0";"0:0:0"
31/08/12;"0:6:42";"0:6:11";"0:4:50";"0:0:0";"0:0:0"
31/08/12;"0:6:42";"0:6:15";"0:2:57";"0:0:0";"0:0:0"
01/09/12;"5:29:36";"0:18:23";"0:1:4";"0:0:0";"0:0:0"
02/09/12;"2:35:48";"0:0:38";"0:0:0";"0:0:0";"0:0:0"
02/09/12;"0:53:28";"0:0:0";"0:0:0";"0:0:0";"0:0:0"
03/09/12;"0:8:56";"0:7:35";"0:0:0";"0:0:0";"0:0:0"
03/09/12;"0:11:20";"0:22:12";"0:12:24";"0:2:28";"0:0:0"
03/09/12;"0:9:48";"0:13:48";"0:5:14";"0:0:0";"0:0:0"
04/09/12;"0:18:55";"0:0:0";"0:0:0";"0:0:0";"0:0:0"
04/09/12;"1:8:22";"0:3:0";"0:1:8";"0:0:0";"0:0:0"
04/09/12;"0:0:0";"0:0:0";"0:0:0";"0:0:0";"0:0:0"
06/09/12;"0:0:0";"0:0:0";"0:0:0";"0:0:0";"0:0:0"
08/09/12;"0:0:0";"0:0:0";"0:0:0";"0:0:0";"0:0:0"
11/09/12;"0:26:21";"0:17:6";"0:16:56";"0:4:0";"0:0:13"
12/09/12;"0:24:28";"0:26:51";"0:0:58";"0:11:9";"0:0:0"
13/09/12;"0:35:0";"0:48:52";"0:15:0";"0:0:23";"0:0:0"
17/09/12;"0:25:7";"0:13:30";"0:36:33";"0:0:0";"0:0:0"
18/09/12;"0:23:11";"0:29:31";"0:12:38";"0:0:47";"0:0:0"
24/09/12;"0:8:52";"0:7:4";"0:14:15";"0:0:27";"0:0:0"
25/09/12;"0:24:41";"1:0:40";"0:16:50";"0:15:31";"0:0:0"
27/09/12;"0:18:30";"0:19:14";"0:22:19";"0:3:55";"0:0:0"
29/09/12;"0:43:44";"0:15:35";"0:12:38";"0:0:0";"0:0:0"
30/09/12;"1:17:6";"0:18:11";"0:7:25";"0:0:0";"0:0:0"
01/10/12;"0:4:23";"0:30:42";"0:20:52";"0:8:21";"0:0:0"
03/10/12;"0:34:5";"0:30:33";"0:8:11";"0:0:14";"0:0:0"
04/10/12;"0:20:13";"0:16:46";"0:36:53";"0:2:4";"0:0:0"
06/10/12;"0:0:49";"0:19:5";"0:55:26";"0:6:51";"0:0:0"
07/10/12;"0:6:39";"0:12:41";"0:11:14";"0:9:12";"0:0:41"
08/10/12;"0:25:9";"0:22:13";"0:11:42";"0:3:42";"0:0:0"
09/10/12;"0:34:29";"0:15:48";"0:0:58";"0:10:57";"0:0:15"
10/10/12;"0:1:36";"0:2:42";"0:2:46";"0:0:0";"0:0:0"
16/10/12;"0:14:5";"0:32:8";"0:20:5";"0:0:24";"0:0:0"
17/10/12;"0:0:0";"0:0:9";"0:0:12";"0:9:41";"0:0:15"
18/10/12;"0:24:39";"0:0:27";"0:0:8";"0:0:0";"0:0:0"
18/10/12;"0:7:33";"0:19:40";"0:29:28";"0:10:35";"0:0:39"
21/10/12;"0:2:45";"0:23:12";"0:26:52";"0:1:49";"0:0:0"
22/10/12;"0:5:52";"0:33:7";"0:25:1";"0:2:33";"0:0:0"
25/10/12;"0:17:6";"0:15:15";"0:38:24";"0:8:47";"0:0:5"
27/10/12;"0:3:29";"0:15:33";"0:20:15";"0:0:0";"0:0:0"
28/10/12;"0:44:30";"0:10:6";"0:9:30";"0:1:59";"0:0:32"
31/10/12;"0:20:22";"0:18:33";"0:14:47";"0:13:24";"0:0:0"
01/11/12;"1:39:36";"0:50:45";"0:54:16";"0:5:57";"0:0:0"
04/11/12;"0:1:34";"0:17:51";"0:35:0";"0:44:2";"0:1:30"
05/11/12;"0:1:4";"0:13:52";"0:23:14";"0:17:13";"0:0:31"
19/11/12;"0:6:50";"0:8:3";"0:27:28";"0:6:9";"0:0:0"
20/11/12;"0:6:21";"0:17:2";"0:50:35";"0:0:0";"0:0:0"
25/11/12;"1:45:46";"0:10:51";"0:0:24";"0:0:0";"0:0:0"
27/11/12;"0:3:56";"0:7:51";"0:16:24";"0:0:3";"0:0:0"
06/12/12;"0:0:34";"0:4:43";"0:30:31";"0:14:4";"0:0:0"
12/12/12;"0:2:4";"0:12:5";"0:25:10";"0:3:3";"0:0:0"
18/12/12;"0:31:10";"0:20:38";"0:16:14";"0:0:0";"0:0:0"
23/12/12;"0:4:35";"0:11:43";"0:14:3";"0:3:50";"0:0:0"
24/12/12;"0:5:7";"0:16:24";"0:40:48";"1:15:6";"0:0:46"
25/12/12;"0:3:51";"0:19:42";"0:26:6";"0:0:10";"0:0:0"
26/12/12;"0:8:48";"0:42:3";"0:12:59";"0:4:54";"0:1:0"
29/12/12;"1:46:57";"1:40:6";"1:0:47";"0:36:39";"0:0:0"
30/12/12;"1:51:57";"1:46:40";"1:13:22";"0:2:17";"0:0:0"
31/12/12;"1:55:36";"0:46:27";"0:30:8";"0:1:36";"0:0:0"
02/01/13;"0:2:41";"0:13:51";"0:18:10";"0:9:53";"0:0:59"
14/01/13;"0:1:10";"0:12:10";"0:15:24";"0:10:51";"0:3:12"
15/01/13;"0:23:5";"0:38:53";"0:4:37";"0:0:0";"0:0:0"
21/01/13;"0:13:46";"0:21:41";"0:29:33";"0:7:40";"0:1:53"
28/01/13;"0:2:47";"0:17:13";"0:24:13";"0:7:48";"0:1:28"
31/01/13;"0:12:33";"0:11:9";"0:20:20";"0:6:52";"0:0:0"
07/02/13;"0:3:35";"0:15:1";"0:43:7";"0:8:24";"0:0:4"
12/02/13;"0:9:17";"0:38:22";"0:42:19";"0:7:16";"0:0:0"
20/02/13;"0:0:14";"0:16:45";"0:32:55";"0:20:11";"0:0:0"
26/02/13;"0:3:3";"0:14:53";"0:31:39";"0:9:15";"0:0:0"
06/03/13;"0:28:11";"0:28:46";"0:17:45";"0:0:26";"0:0:0"
09/03/13;"0:1:47";"0:19:42";"0:28:33";"0:12:23";"0:0:0"
20/03/13;"0:30:0";"0:30:33";"0:11:14";"0:1:14";"0:0:0"
21/03/13;"0:8:3";"0:16:20";"0:28:9";"0:13:36";"0:3:34"
24/03/13;"0:1:31";"0:19:2";"0:21:6";"0:11:49";"0:0:0"
25/03/13;"0:8:28";"0:15:57";"0:36:31";"0:3:11";"0:0:17"
28/03/13;"0:11:23";"0:15:26";"0:22:13";"0:6:17";"0:0:0"
08/04/13;"0:3:51";"0:9:56";"0:13:42";"0:14:35";"0:1:16"
10/04/13;"0:0:37";"0:9:44";"0:20:22";"0:11:12";"0:1:30"
14/04/13;"0:57:22";"0:12:39";"0:28:32";"0:0:0";"0:0:0"
14/04/13;"0:51:12";"0:5:39";"0:1:48";"0:0:0";"0:0:0"
15/04/13;"0:21:31";"0:21:37";"0:11:12";"0:2:43";"0:0:0"
17/04/13;"0:26:38";"0:25:4";"0:22:35";"0:8:7";"0:0:0"
23/04/13;"0:10:17";"0:19:25";"0:27:48";"0:0:39";"0:0:0"
26/04/13;"0:3:52";"0:18:2";"0:32:32";"0:3:29";"0:0:0"
28/04/13;"1:35:20";"0:21:16";"0:39:11";"0:0:0";"0:0:0"
29/04/13;"0:0:0";"0:0:0";"0:2:3";"0:0:3";"0:0:0"
29/04/13;"0:24:53";"0:16:4";"0:7:58";"0:4:6";"0:0:7"
01/05/13;"0:43:2";"0:31:3";"1:4:33";"0:32:22";"0:0:0"
01/05/13;"0:25:14";"0:29:12";"0:21:31";"0:0:10";"0:0:0"
04/05/13;"0:33:1";"0:0:0";"0:0:0";"0:0:0";"0:0:0"
04/05/13;"0:8:44";"0:19:5";"0:9:52";"0:0:12";"0:0:0"
06/05/13;"0:14:13";"0:17:12";"0:28:9";"0:4:54";"0:0:0"
07/05/13;"0:5:17";"0:27:24";"0:25:26";"0:4:57";"0:0:0"
09/05/13;"0:0:41";"0:14:52";"0:19:35";"0:10:24";"0:0:0"
14/05/13;"0:3:23";"0:6:3";"0:6:32";"0:0:0";"0:0:0"
15/05/13;"0:2:36";"0:5:6";"0:12:39";"0:0:0";"0:0:0"
15/05/13;"0:2:8";"0:1:7";"0:5:38";"0:3:37";"0:0:45"
15/05/13;"0:3:15";"0:17:43";"0:5:23";"0:4:16";"0:0:6"
18/05/13;"0:2:25";"0:10:48";"0:47:7";"0:19:53";"0:0:0"
21/05/13;"0:2:0";"0:7:1";"0:25:14";"0:1:0";"0:0:0"
21/05/13;"0:0:0";"0:6:21";"0:21:42";"0:13:40";"0:1:35"
22/05/13;"0:6:45";"0:25:30";"0:33:13";"0:0:0";"0:0:0"
25/05/13;"0:23:29";"1:23:42";"2:1:35";"0:32:45";"0:0:0"
26/05/13;"6:0:15";"2:19:14";"1:1:13";"0:0:0";"0:0:0"
27/05/13;"0:37:22";"1:1:0";"2:22:18";"0:5:48";"0:0:0"
29/05/13;"0:10:17";"0:20:23";"0:16:45";"0:14:21";"0:0:15"
02/06/13;"0:7:15";"0:21:0";"0:49:9";"0:13:2";"0:0:1"
03/06/13;"0:1:56";"0:21:23";"0:17:44";"0:4:44";"0:0:0"
04/06/13;"0:34:51";"0:26:52";"0:5:43";"0:0:0";"0:0:0"
05/06/13;"0:10:20";"0:31:29";"1:46:48";"0:21:25";"0:0:0"
06/06/13;"0:5:49";"0:27:48";"0:31:19";"0:3:3";"0:0:0"
11/06/13;"0:36:7";"1:2:1";"0:55:11";"0:23:31";"0:2:17"
12/06/13;"0:27:14";"0:19:57";"0:7:52";"0:2:47";"0:0:0"
13/06/13;"0:12:43";"0:26:52";"0:20:11";"0:2:58";"0:3:14"
16/06/13;"0:1:9";"0:8:21";"0:56:2";"0:5:57";"0:0:0"
17/06/13;"0:3:11";"0:9:1";"0:11:54";"0:3:52";"0:0:0"
18/06/13;"0:1:46";"0:18:3";"0:21:1";"0:9:39";"0:3:14"
19/06/13;"0:37:4";"2:40:17";"2:56:43";"0:2:44";"0:0:0"
22/06/13;"5:13:38";"1:19:1";"0:46:36";"0:0:0";"0:0:0"
23/06/13;"0:13:42";"0:0:0";"0:0:0";"0:0:0";"0:0:0"
25/06/13;"0:36:35";"0:32:36";"0:26:48";"0:8:25";"0:0:0"
26/06/13;"0:4:50";"0:26:39";"0:11:9";"0:6:11";"0:0:12"
30/06/13;"0:5:36";"0:49:42";"1:24:36";"0:20:23";"0:0:0"
01/07/13;"0:38:5";"0:29:50";"0:5:7";"0:0:12";"0:0:0"
02/07/13;"0:1:5";"0:34:15";"0:43:19";"0:8:56";"0:0:0"
05/07/13;"0:24:40";"1:25:50";"1:41:54";"0:13:58";"0:0:0"
10/07/13;"0:5:2";"0:21:50";"0:36:28";"0:1:24";"0:0:0"
11/07/13;"0:27:20";"0:19:18";"0:1:56";"0:0:0";"0:0:0"
12/07/13;"0:8:19";"0:17:32";"0:14:12";"0:0:0";"0:0:0"
12/07/13;"0:1:48";"0:17:57";"0:19:23";"0:0:57";"0:0:0"
14/07/13;"0:22:13";"0:15:37";"0:28:9";"0:0:0";"0:0:0"
14/07/13;"0:3:23";"0:30:48";"0:44:8";"0:0:1";"0:0:0"
15/07/13;"0:4:29";"0:18:18";"0:10:46";"0:0:0";"0:0:0"
16/07/13;"0:4:18";"0:19:52";"0:13:35";"0:0:59";"0:0:41"
21/07/13;"0:0:38";"0:12:50";"0:49:31";"0:5:23";"0:0:0"
23/07/13;"0:3:36";"0:5:50";"0:51:35";"0:17:25";"0:0:13"
23/07/13;"0:2:0";"0:24:0";"0:20:3";"0:17:55";"0:0:0"
24/07/13;"0:3:37";"0:12:16";"0:26:2";"0:0:0";"0:0:0"
25/07/13;"6:15:12";"0:7:48";"0:9:32";"0:0:46";"0:0:0"
26/07/13;"0:25:28";"1:4:52";"1:18:43";"0:9:22";"0:0:0"
28/07/13;"0:3:21";"0:27:22";"0:41:29";"0:15:46";"0:0:0"
30/07/13;"0:0:56";"0:29:6";"0:38:31";"0:0:43";"0:0:0"
31/07/13;"0:25:47";"0:39:2";"0:11:52";"0:0:0";"0:0:0"
01/08/13;"0:5:51";"0:40:52";"0:25:25";"0:0:46";"0:0:0"
02/08/13;"0:0:0";"0:0:0";"0:0:0";"0:0:0";"0:0:0"
03/08/13;"3:15:27";"3:4:23";"3:18:12";"0:0:0";"0:0:0"
04/08/13;"1:49:17";"4:17:11";"0:53:11";"0:1:57";"0:0:15"
08/08/13;"0:6:35";"0:30:43";"0:32:3";"0:9:39";"0:0:0"
10/08/13;"1:28:1";"2:51:2";"2:47:12";"0:9:23";"0:0:0"
12/08/13;"0:30:28";"0:29:55";"0:19:18";"0:8:26";"0:0:0"
15/08/13;"0:28:57";"0:27:3";"0:39:10";"0:4:44";"0:0:0"
15/08/13;"1:10:54";"0:21:7";"0:5:26";"0:0:0";"0:0:0"
19/08/13;"0:20:53";"0:26:5";"0:20:4";"0:10:19";"0:0:0"
21/08/13;"0:33:51";"0:22:23";"0:14:19";"0:4:3";"0:0:0"
23/08/13;"0:8:48";"0:35:2";"0:43:6";"0:3:13";"0:0:0"
25/08/13;"0:36:38";"0:11:41";"0:1:0";"0:0:0";"0:0:0"
27/08/13;"0:6:44";"0:17:51";"0:13:17";"0:0:0";"0:0:0"
30/08/13;"0:0:0";"0:0:0";"0:0:0";"0:0:0";"0:0:0"
30/08/13;"0:0:0";"0:0:0";"0:0:0";"0:0:0";"0:0:0"
30/08/13;"0:0:0";"0:0:0";"0:0:0";"0:0:0";"0:0:0"
06/09/13;"0:21:43";"0:27:4";"0:9:4";"0:0:0";"0:0:0"
07/09/13;"0:6:2";"0:12:31";"0:15:43";"0:0:30";"0:0:0"
09/09/13;"0:4:39";"0:22:17";"0:13:58";"0:1:40";"0:0:0"
11/09/13;"0:11:7";"0:26:56";"0:20:50";"0:5:11";"0:0:0"
16/09/13;"0:12:18";"0:26:37";"0:15:46";"0:0:21";"0:0:31"
17/09/13;"0:0:0";"0:0:0";"0:0:0";"0:0:0";"0:0:0"
23/09/13;"0:54:51";"1:47:18";"2:9:46";"1:7:54";"0:0:0"
23/09/13;"2:59:40";"2:59:34";"1:5:0";"0:0:0";"0:0:0"
26/09/13;"4:52:12";"0:9:50";"0:0:0";"0:0:0";"0:0:0"
01/10/13;"0:4:11";"0:23:0";"0:12:59";"0:4:38";"0:0:0"
02/10/13;"0:9:59";"0:27:8";"0:15:27";"0:2:30";"0:2:43"
03/10/13;"0:8:53";"0:23:32";"0:19:40";"0:2:13";"0:0:14"
06/10/13;"0:2:56";"0:32:39";"2:7:24";"0:20:9";"0:0:0"
11/10/13;"0:10:29";"0:17:50";"0:15:56";"0:5:5";"0:0:49"
13/10/13;"0:31:40";"0:21:30";"0:17:16";"0:5:49";"0:0:0"
14/10/13;"0:12:30";"0:38:45";"0:22:29";"0:1:27";"0:0:0"
17/10/13;"0:37:44";"1:4:1";"0:15:8";"0:0:0";"0:0:0"
19/10/13;"0:1:3";"0:4:36";"0:39:45";"0:17:43";"0:2:51"
21/10/13;"0:9:1";"0:29:38";"0:20:4";"0:5:13";"0:0:53"
22/10/13;"0:10:36";"0:19:34";"0:23:26";"0:5:27";"0:0:0"
26/10/13;"2:47:29";"1:6:55";"0:33:13";"0:9:34";"0:0:0"
27/10/13;"0:49:20";"0:17:2";"0:17:14";"0:6:4";"0:0:0"
28/10/13;"0:8:37";"0:13:48";"0:9:55";"0:5:27";"0:0:11"
30/10/13;"0:44:55";"0:14:47";"0:7:3";"0:0:49";"0:0:0"
01/11/13;"0:6:5";"0:12:45";"0:19:46";"0:7:10";"0:0:0"
03/11/13;"0:50:52";"0:58:30";"1:19:50";"0:13:49";"0:0:0"
07/11/13;"0:12:14";"0:28:16";"0:30:15";"0:0:42";"0:0:0"
09/11/13;"2:7:27";"0:27:22";"0:21:26";"0:1:39";"0:0:0"
10/11/13;"0:41:55";"0:31:12";"0:24:33";"0:1:55";"0:0:0"
10/11/13;"0:0:50";"0:4:7";"0:14:55";"0:0:0";"0:0:0"
11/11/13;"1:56:59";"0:31:39";"0:23:53";"0:7:4";"0:0:0"
12/11/13;"0:2:48";"0:9:30";"0:14:10";"0:4:14";"0:0:0"
16/11/13;"0:18:17";"0:19:31";"0:42:36";"0:56:43";"0:0:4"
17/11/13;"0:24:35";"0:24:50";"1:21:38";"0:10:34";"0:0:0"
18/11/13;"0:20:32";"0:24:34";"0:17:55";"0:0:50";"0:0:6"
19/11/13;"0:1:4";"0:16:40";"0:12:46";"0:29:41";"0:0:0"
19/11/13;"0:0:0";"0:0:0";"0:0:0";"0:0:0";"0:0:0"
22/11/13;"0:13:3";"0:29:53";"0:13:6";"0:1:36";"0:0:0"
23/11/13;"1:24:5";"0:45:22";"0:38:47";"0:3:57";"0:0:0"
24/11/13;"0:57:39";"0:33:8";"0:12:12";"0:2:53";"0:0:0"
27/11/13;"0:7:25";"0:15:56";"0:12:22";"0:30:13";"0:0:0"
30/11/13;"0:22:11";"0:24:3";"0:56:37";"0:58:11";"0:0:0"
01/12/13;"0:28:36";"0:29:52";"1:8:14";"0:32:44";"0:1:3"
04/12/13;"0:0:0";"0:8:13";"0:19:15";"0:37:4";"0:1:39"
07/12/13;"2:21:5";"1:15:30";"1:15:2";"0:11:11";"0:0:0"
08/12/13;"2:0:27";"1:34:26";"1:10:11";"0:3:46";"0:0:0"
11/12/13;"0:4:0";"0:7:29";"0:25:23";"0:23:2";"0:0:0"
14/12/13;"0:13:20";"0:18:43";"0:44:29";"0:40:16";"0:0:7"
15/12/13;"12:40:0";"0:49:41";"2:7:49";"0:50:14";"0:0:19"
21/12/13;"0:6:8";"0:18:8";"0:10:15";"0:11:19";"0:0:0"
22/12/13;"0:2:45";"0:14:24";"0:32:49";"0:1:3";"0:0:0"
26/12/13;"0:6:4";"0:10:22";"0:14:34";"0:3:21";"0:0:0"
30/12/13;"0:7:27";"0:24:1";"0:28:17";"0:1:3";"0:0:0"
03/01/14;"0:0:43";"0:8:50";"0:48:26";"0:8:21";"0:0:0"
06/01/14;"0:3:22";"0:33:10";"0:26:6";"0:3:3";"0:0:0"
08/01/14;"0:34:18";"0:44:9";"2:10:36";"1:12:21";"0:0:5"
09/01/14;"0:15:14";"0:24:17";"0:21:47";"0:0:0";"0:0:0"
13/01/14;"0:1:43";"0:19:38";"0:10:12";"0:5:16";"0:0:0"
19/01/14;"3:47:25";"1:1:30";"0:13:0";"0:0:0";"0:0:0"
20/01/14;"0:6:35";"0:17:54";"0:37:51";"0:0:38";"0:0:0"
21/01/14;"0:14:54";"0:14:46";"0:47:14";"0:20:31";"0:3:41"
23/01/14;"0:27:4";"0:23:38";"0:6:59";"0:0:0";"0:0:0"
26/01/14;"0:1:13";"0:8:45";"1:10:4";"0:42:57";"0:0:0"
26/01/14;"0:15:10";"0:10:49";"0:42:28";"0:15:40";"0:0:0"
27/01/14;"0:22:27";"0:33:12";"0:10:12";"0:0:43";"0:0:0"
30/01/14;"0:29:21";"0:16:10";"0:8:34";"0:8:47";"0:1:41"
04/02/14;"0:19:23";"0:32:41";"0:15:1";"0:0:5";"0:0:0"
06/02/14;"0:5:21";"0:11:3";"0:25:35";"0:10:23";"0:0:3"
11/02/14;"0:0:12";"0:2:29";"0:8:35";"0:32:16";"0:7:6"
17/02/14;"0:3:11";"0:20:22";"0:28:36";"0:3:45";"0:0:25"
19/02/14;"0:34:58";"0:25:16";"0:1:54";"0:0:0";"0:0:0"
22/02/14;"0:18:52";"0:10:23";"0:34:15";"0:9:14";"0:0:0"
23/02/14;"0:13:1";"0:54:6";"3:5:59";"0:12:15";"0:0:0"
03/03/14;"0:13:42";"0:22:4";"0:22:12";"0:0:3";"0:0:0"
07/03/14;"0:7:25";"0:35:52";"0:15:2";"0:0:50";"0:0:0"
09/03/14;"0:22:3";"0:4:33";"0:0:0";"0:0:0";"0:0:0"
10/03/14;"0:3:6";"0:11:23";"0:18:19";"0:8:26";"0:0:27"
19/03/14;"0:8:9";"0:31:12";"0:13:45";"0:3:32";"0:0:0"
20/03/14;"0:3:23";"0:15:39";"0:16:1";"0:0:14";"0:0:0"
21/03/14;"0:3:42";"0:16:10";"0:30:31";"0:0:25";"0:0:8"
22/03/14;"0:18:59";"0:24:57";"1:14:53";"0:42:1";"0:0:0"
23/03/14;"0:0:59";"0:17:17";"0:26:51";"0:4:38";"0:0:0"
24/03/14;"0:3:29";"0:26:44";"0:14:20";"0:6:55";"0:0:12"
26/03/14;"0:29:5";"0:29:7";"1:17:10";"0:12:25";"0:0:0"
30/03/14;"0:16:41";"0:28:36";"0:1:23";"0:0:0";"0:0:0"
31/03/14;"0:0:0";"0:0:0";"0:0:32";"0:0:0";"0:0:0"
31/03/14;"0:18:42";"0:24:18";"0:12:38";"0:0:17";"0:0:0"
02/04/14;"0:0:7";"0:0:18";"0:5:2";"0:0:0";"0:0:0"
02/04/14;"0:17:35";"0:6:42";"0:13:26";"0:2:17";"0:0:0"
06/04/14;"0:0:40";"0:9:44";"1:29:26";"1:15:6";"0:0:0"
10/04/14;"0:0:18";"0:16:38";"1:3:47";"0:26:32";"0:0:0"
12/04/14;"3:32:21";"2:59:25";"1:7:41";"0:0:0";"0:0:0"
14/04/14;"0:13:32";"0:16:58";"0:7:38";"0:4:8";"0:0:0"
16/04/14;"0:27:49";"0:19:17";"0:17:59";"0:0:0";"0:0:0"
18/04/14;"0:15:5";"0:26:20";"0:22:24";"0:2:36";"0:0:0"
27/04/14;"1:1:25";"0:33:15";"0:18:33";"0:0:0";"0:0:0"
28/04/14;"0:2:24";"0:36:50";"0:19:31";"0:0:27";"0:0:0"
29/04/14;"0:12:19";"0:31:52";"0:11:31";"0:5:2";"0:0:0"
06/05/14;"0:6:21";"0:16:53";"0:47:9";"0:9:38";"0:0:0"
07/05/14;"0:22:33";"0:25:25";"0:15:9";"0:13:42";"0:0:0"
10/05/14;"2:15:31";"0:57:1";"0:16:40";"0:0:0";"0:0:0"
11/05/14;"3:26:29";"0:33:8";"0:8:4";"0:5:6";"0:0:0"
12/05/14;"1:14:37";"0:32:15";"0:0:5";"0:0:0";"0:0:0"
13/05/14;"0:11:31";"0:14:7";"0:20:10";"0:0:25";"0:0:0"
14/05/14;"0:10:13";"0:28:6";"0:33:25";"0:24:55";"0:0:0"
18/05/14;"0:5:10";"0:5:0";"1:26:42";"1:7:29";"0:0:0"
18/05/14;"0:1:32";"0:4:3";"0:2:50";"0:0:0";"0:0:0"
20/05/14;"0:58:42";"0:43:48";"1:56:51";"0:0:2";"0:0:0"
22/05/14;"0:9:57";"0:34:36";"0:22:41";"0:5:19";"0:0:0"
25/05/14;"0:15:46";"1:45:22";"1:56:9";"0:0:38";"0:0:0"
29/05/14;"0:0:56";"0:9:48";"0:29:8";"0:22:29";"0:0:0"
30/05/14;"0:29:21";"1:43:33";"0:5:53";"0:0:0";"0:0:0"
30/05/14;"1:12:36";"0:48:34";"1:26:25";"0:0:0";"0:0:0"
30/05/14;"0:33:19";"0:1:18";"0:0:0";"0:0:0";"0:0:0"
01/06/14;"0:25:59";"0:16:26";"0:6:34";"0:0:0";"0:0:0"
01/06/14;"0:3:16";"0:6:22";"0:5:38";"0:6:50";"0:0:0"
02/06/14;"0:17:44";"0:26:55";"0:23:30";"0:1:55";"0:0:11"
04/06/14;"0:1:12";"0:26:36";"0:27:0";"0:14:11";"0:0:10"
05/06/14;"0:0:24";"0:12:27";"0:38:25";"0:3:8";"0:0:0"
07/06/14;"0:14:50";"0:25:20";"0:27:27";"0:33:28";"0:0:41"
08/06/14;"1:33:49";"1:32:28";"0:16:57";"0:0:0";"0:0:0"
12/06/14;"0:3:27";"0:18:35";"0:19:31";"0:17:17";"0:0:16"
13/06/14;"0:4:30";"0:21:56";"0:16:15";"0:0:0";"0:0:0"
14/06/14;"0:3:29";"0:7:44";"0:9:9";"0:0:52";"0:0:0"
15/06/14;"0:0:9";"0:0:9";"0:15:20";"0:31:42";"0:0:0"
16/06/14;"0:13:48";"0:24:4";"0:23:9";"0:0:0";"0:0:0"
17/06/14;"0:19:17";"0:20:45";"0:14:22";"0:3:59";"0:0:0"
18/06/14;"0:9:24";"0:14:50";"0:39:24";"0:8:38";"0:0:0"
21/06/14;"3:26:46";"2:54:50";"2:21:6";"0:0:48";"0:0:0"
22/06/14;"2:26:22";"0:52:12";"0:10:57";"0:0:0";"0:0:0"
28/06/14;"0:8:9";"1:16:25";"6:30:43";"0:14:59";"0:0:0"
30/06/14;"0:17:49";"0:25:58";"0:7:1";"0:0:0";"0:0:0"
06/07/14;"0:3:13";"0:12:37";"0:23:41";"0:42:40";"0:0:0"
07/07/14;"0:16:52";"0:25:58";"0:14:36";"0:1:37";"0:0:0"
08/07/14;"0:12:37";"0:15:51";"0:11:54";"0:5:59";"0:0:11"
10/07/14;"0:3:45";"0:14:2";"0:16:43";"0:15:11";"0:0:0"
12/07/14;"0:3:13";"0:30:32";"0:49:16";"0:20:24";"0:2:21"
13/07/14;"0:2:34";"0:24:21";"0:31:33";"0:2:3";"0:0:0"
14/07/14;"0:1:34";"0:12:59";"0:16:43";"0:13:50";"0:0:6"
19/07/14;"0:0:29";"0:3:41";"0:41:29";"0:2:54";"0:0:0"
20/07/14;"0:3:34";"0:40:7";"1:12:20";"0:1:51";"0:0:0"
22/07/14;"0:14:28";"0:20:39";"0:17:12";"0:4:57";"0:0:0"
23/07/14;"0:2:38";"0:13:37";"0:10:19";"0:2:34";"0:0:0"
23/07/14;"0:3:25";"0:6:57";"0:8:21";"0:8:50";"0:0:0"
24/07/14;"0:27:4";"0:2:53";"0:0:0";"0:0:0";"0:0:0"
24/07/14;"0:58:24";"1:4:5";"0:32:46";"0:8:22";"0:0:0"
25/07/14;"0:6:13";"0:7:31";"0:2:12";"0:0:0";"0:0:0"
26/07/14;"0:3:49";"0:28:56";"1:14:44";"0:2:30";"0:0:0"
28/07/14;"0:13:26";"0:10:10";"0:40:50";"0:34:33";"0:1:31"
29/07/14;"0:8:13";"0:32:47";"0:16:32";"0:0:0";"0:0:0"
07/08/14;"0:2:18";"0:12:14";"0:26:5";"0:16:6";"0:0:22"
08/08/14;"1:50:23";"1:37:53";"0:35:11";"0:10:0";"0:0:0"
09/08/14;"0:27:10";"0:23:4";"0:17:15";"0:8:32";"0:0:0"
11/08/14;"0:14:2";"1:6:3";"0:30:50";"0:15:53";"0:0:0"
13/08/14;"0:14:51";"0:20:22";"0:41:24";"0:27:21";"0:0:0"
15/08/14;"1:55:14";"1:11:37";"0:28:37";"0:7:29";"0:0:0"
16/08/14;"0:13:47";"0:59:29";"0:53:25";"0:3:16";"0:0:0"
19/08/14;"0:10:27";"0:14:12";"0:18:11";"0:16:41";"0:0:0"
21/08/14;"0:3:55";"0:24:18";"0:14:53";"0:11:48";"0:0:11"
23/08/14;"0:2:23";"0:9:51";"0:25:13";"0:15:11";"0:0:0"
25/08/14;"0:0:54";"0:17:24";"0:22:34";"0:1:58";"0:0:0"
26/08/14;"0:2:23";"0:26:46";"0:0:0";"0:0:0";"0:0:0"
29/08/14;"0:0:0";"0:0:0";"0:0:0";"0:0:0";"0:0:0"
29/08/14;"0:0:0";"0:0:0";"0:0:0";"0:0:0";"0:0:0"
30/08/14;"1:2:48";"0:29:30";"0:2:53";"0:0:0";"0:0:0"
06/09/14;"0:36:32";"0:0:0";"0:0:0";"0:0:0";"0:0:0"
07/09/14;"2:16:56";"0:2:6";"0:4:53";"0:0:27";"0:0:0"
14/09/14;"1:7:55";"0:6:32";"0:5:8";"0:0:0";"0:0:0"
14/09/14;"0:7:51";"0:11:54";"0:24:18";"0:6:34";"0:0:0"
18/09/14;"0:19:45";"0:13:11";"0:14:26";"0:0:0";"0:0:0"
20/09/14;"0:2:54";"0:20:37";"0:17:53";"0:2:18";"0:0:0"
21/09/14;"0:30:49";"0:40:59";"0:17:54";"0:0:0";"0:0:0"
23/09/14;"0:16:23";"0:22:51";"0:14:21";"0:2:3";"0:0:0"
27/09/14;"0:2:32";"0:18:47";"0:43:25";"0:7:42";"0:0:0"
28/09/14;"5:32:37";"1:4:35";"0:34:57";"0:0:20";"0:0:0"
30/09/14;"0:32:46";"0:20:29";"0:7:7";"0:1:35";"0:0:0"
01/10/14;"0:5:4";"0:19:55";"0:9:28";"0:18:46";"0:9:29"
02/10/14;"0:26:27";"0:14:52";"0:35:41";"0:0:19";"0:0:0"
03/10/14;"0:11:48";"0:24:32";"0:5:52";"0:9:25";"0:2:8"
04/10/14;"0:27:10";"0:32:12";"0:41:1";"0:4:48";"0:1:1"
05/10/14;"0:0:50";"0:15:22";"0:23:5";"0:0:18";"0:0:0"
07/10/14;"0:4:34";"0:29:52";"0:12:22";"0:10:0";"0:1:21"
09/10/14;"0:7:26";"0:15:31";"0:10:17";"0:4:55";"0:2:21"
12/10/14;"0:0:13";"0:0:17";"0:20:2";"0:49:24";"0:1:12"
13/10/14;"0:24:29";"0:32:40";"0:3:3";"0:0:0";"0:0:0"
14/10/14;"0:3:29";"0:17:35";"0:18:32";"0:0:0";"0:0:0"
18/10/14;"0:14:44";"0:41:36";"1:41:56";"0:55:18";"0:0:35"
19/10/14;"3:22:32";"2:4:1";"0:33:33";"0:0:0";"0:0:0"
25/10/14;"0:2:44";"0:15:16";"1:8:58";"0:4:5";"0:0:0"
26/10/14;"1:8:11";"0:42:55";"1:32:27";"0:19:16";"0:0:0"
26/10/14;"0:9:23";"0:0:0";"0:0:0";"0:0:0";"0:0:0"
29/10/14;"0:12:27";"0:5:32";"0:29:40";"0:4:11";"0:0:0"
01/11/14;"0:5:41";"0:13:44";"0:34:39";"0:24:6";"0:3:51"
02/11/14;"0:52:0";"0:45:59";"1:8:35";"0:47:30";"0:1:30"
03/11/14;"0:15:38";"0:26:52";"0:10:41";"0:0:10";"0:0:0"
06/11/14;"0:0:0";"0:0:0";"0:0:0";"0:0:19";"0:0:0"
06/11/14;"0:3:30";"0:6:30";"0:10:3";"0:15:1";"0:1:28"
08/11/14;"1:35:31";"0:57:25";"0:24:44";"0:0:0";"0:0:0"
09/11/14;"0:58:57";"0:50:30";"0:21:43";"0:10:44";"0:0:0"
10/11/14;"0:3:17";"0:39:17";"0:53:55";"0:7:53";"0:0:0"
11/11/14;"0:37:47";"0:37:28";"0:24:7";"0:1:26";"0:0:0"
13/11/14;"0:5:59";"0:16:57";"0:19:23";"0:12:45";"0:1:6"
14/11/14;"0:12:11";"0:34:20";"0:17:54";"0:0:1";"0:0:0"
16/11/14;"0:26:30";"0:11:54";"0:30:22";"0:13:30";"0:0:7"
17/11/14;"0:4:39";"0:26:17";"0:13:54";"0:13:56";"0:0:5"
20/11/14;"0:10:51";"0:14:40";"0:22:39";"0:10:34";"0:0:0"
22/11/14;"1:53:27";"0:18:27";"0:3:19";"0:0:0";"0:0:0"
22/11/14;"0:0:18";"0:6:11";"0:29:35";"0:8:12";"0:0:0"
22/11/14;"0:0:9";"0:0:16";"0:8:56";"0:5:16";"0:0:4"
23/11/14;"0:5:42";"0:15:46";"0:32:28";"0:12:56";"0:0:15"
25/11/14;"0:0:25";"0:7:44";"0:27:38";"0:2:52";"0:0:0"
28/11/14;"0:1:55";"0:16:6";"0:6:40";"0:4:3";"0:1:11"
29/11/14;"0:8:6";"0:37:36";"0:23:45";"0:6:55";"0:0:0"
30/11/14;"1:3:29";"0:1:30";"0:0:0";"0:0:0";"0:0:0"
30/11/14;"0:2:43";"0:11:32";"0:12:20";"0:11:19";"0:1:9"
02/12/14;"0:1:17";"0:0:0";"0:0:0";"0:0:0";"0:0:0"
02/12/14;"0:8:32";"0:17:38";"0:20:26";"0:5:29";"0:0:0"
04/12/14;"0:13:4";"0:13:15";"0:23:28";"0:3:37";"0:0:0"
05/12/14;"0:1:21";"0:13:23";"0:23:2";"0:13:51";"0:0:0"
06/12/14;"0:5:50";"0:42:4";"0:30:50";"0:15:44";"0:0:0"
07/12/14;"0:24:6";"0:1:57";"0:16:58";"0:0:31";"0:0:0"
07/12/14;"0:3:10";"0:20:27";"0:29:52";"0:0:8";"0:0:0"
09/12/14;"0:9:37";"0:15:52";"0:26:23";"0:9:25";"0:0:0"
11/12/14;"0:7:43";"0:22:34";"0:37:27";"0:17:2";"0:0:0"
12/12/14;"0:7:15";"0:31:18";"0:26:38";"0:3:32";"0:0:0"
13/12/14;"0:42:21";"0:57:37";"0:49:15";"0:11:5";"0:0:0"
14/12/14;"0:4:46";"0:25:22";"0:39:22";"0:0:37";"0:0:0"
19/12/14;"0:4:10";"0:18:44";"0:13:15";"0:3:29";"0:0:0"
20/12/14;"0:45:3";"0:41:10";"2:46:59";"0:50:26";"0:0:0"
23/12/14;"1:37:24";"0:16:28";"0:1:12";"0:0:0";"0:0:0"
24/12/14;"0:3:10";"0:14:19";"0:23:8";"0:9:57";"0:1:52"
25/12/14;"0:0:40";"0:7:23";"0:24:12";"0:6:10";"0:0:44"
26/12/14;"0:0:21";"0:9:30";"0:22:20";"0:13:9";"0:0:12"
28/12/14;"0:0:0";"0:0:0";"0:0:0";"0:0:0";"0:0:0"
28/12/14;"0:0:43";"0:11:49";"0:45:55";"0:10:47";"0:0:0"
28/12/14;"1:0:25";"0:17:51";"0:3:37";"0:0:0";"0:0:0"
30/12/14;"0:17:31";"0:22:6";"1:1:55";"0:8:8";"0:0:0"
01/01/15;"1:48:32";"0:38:1";"0:37:55";"0:7:39";"0:0:0"
02/01/15;"2:26:14";"1:19:44";"0:21:12";"0:0:37";"0:0:0"
03/01/15;"0:0:14";"0:0:7";"0:6:26";"0:31:46";"0:0:0"
04/01/15;"0:0:0";"0:0:0";"0:0:0";"0:0:0";"0:0:0"
04/01/15;"1:23:11";"0:44:3";"0:49:3";"0:0:26";"0:0:0"
06/01/15;"0:1:47";"0:0:58";"0:24:48";"0:12:57";"0:9:1"
07/01/15;"0:4:25";"0:17:49";"0:23:57";"0:5:35";"0:0:0"
09/01/15;"0:40:40";"0:14:14";"0:0:47";"0:0:0";"0:0:0"
10/01/15;"0:46:13";"0:32:9";"1:34:10";"0:5:25";"0:0:0"
11/01/15;"0:36:31";"0:16:41";"1:5:17";"0:4:2";"0:0:0"
14/01/15;"0:50:53";"0:3:4";"0:2:17";"0:0:0";"0:0:0"
16/01/15;"0:3:33";"0:32:9";"0:16:32";"0:4:17";"0:0:0"
18/01/15;"0:0:36";"0:26:14";"0:35:42";"0:11:28";"0:0:4"
20/01/15;"0:1:14";"0:12:7";"0:18:37";"0:17:38";"0:0:0"
23/01/15;"0:3:42";"0:15:38";"0:13:58";"0:12:55";"0:1:32"
24/01/15;"0:23:0";"0:17:4";"1:16:17";"0:6:15";"0:0:0"
25/01/15;"3:22:59";"0:10:50";"0:0:5";"0:0:0";"0:0:0"
26/01/15;"0:6:57";"0:19:56";"0:18:36";"0:15:43";"0:0:0"
27/01/15;"0:3:5";"0:34:11";"0:10:4";"0:0:0";"0:0:0"
29/01/15;"0:17:4";"0:34:50";"0:8:4";"0:0:0";"0:0:0"
30/01/15;"0:20:41";"0:26:24";"0:10:33";"0:0:0";"0:0:0"
31/01/15;"1:7:18";"1:6:1";"0:20:37";"0:0:0";"0:0:0"
31/01/15;"0:3:38";"0:8:56";"0:17:57";"0:0:40";"0:0:0"
01/02/15;"0:2:6";"0:13:58";"0:24:29";"0:4:12";"0:0:0"
01/02/15;"0:23:36";"0:28:31";"0:2:37";"0:0:0";"0:0:0"
05/02/15;"0:4:57";"0:22:30";"0:24:1";"0:10:16";"0:0:0"
06/02/15;"0:8:23";"0:23:24";"0:23:58";"0:3:57";"0:0:0"
07/02/15;"0:13:3";"0:3:55";"0:6:50";"0:0:0";"0:0:0"
07/02/15;"0:0:5";"0:0:10";"0:2:49";"0:29:29";"0:0:0"
07/02/15;"0:17:21";"0:15:35";"0:7:54";"0:1:46";"0:0:0"
08/02/15;"2:8:34";"0:30:28";"0:8:36";"0:0:6";"0:0:3"
08/02/15;"0:18:35";"0:25:2";"0:23:8";"0:0:0";"0:0:0"
09/02/15;"0:10:53";"0:11:56";"0:36:41";"0:8:42";"0:0:0"
10/02/15;"0:8:50";"0:16:16";"0:48:46";"0:0:47";"0:0:0"
12/02/15;"0:30:21";"0:33:50";"2:11:14";"0:23:24";"0:0:0"
13/02/15;"0:5:0";"0:21:46";"0:18:53";"0:1:19";"0:0:0"
14/02/15;"1:0:18";"0:52:7";"0:24:23";"0:0:0";"0:0:0"
15/02/15;"1:41:53";"0:51:27";"0:36:11";"0:2:0";"0:0:0"
16/02/15;"0:0:17";"0:0:7";"0:7:41";"0:26:34";"0:0:0"
16/02/15;"0:12:39";"0:2:26";"0:10:37";"0:0:36";"0:0:0"
18/02/15;"0:19:8";"0:20:57";"0:19:36";"0:2:10";"0:0:0"
19/02/15;"1:33:19";"1:16:0";"0:43:54";"0:2:44";"0:0:0"
20/02/15;"0:3:42";"0:21:42";"0:26:33";"0:8:27";"0:0:0"
23/02/15;"0:12:1";"0:18:7";"0:27:20";"0:0:50";"0:0:0"
26/02/15;"0:12:32";"0:16:50";"0:23:0";"0:2:37";"0:0:0"
27/02/15;"0:1:34";"0:20:44";"0:18:7";"0:3:7";"0:0:0"
28/02/15;"0:8:42";"0:6:59";"0:4:35";"0:0:0";"0:0:0"
28/02/15;"0:0:16";"0:0:9";"0:1:29";"0:29:0";"0:0:0"
28/02/15;"0:18:5";"0:5:16";"0:8:59";"0:0:0";"0:0:0"
01/03/15;"0:41:49";"0:5:45";"0:0:28";"0:0:0";"0:0:0"
02/03/15;"0:12:17";"0:14:42";"0:8:51";"0:15:36";"0:4:0"
03/03/15;"0:8:36";"0:29:47";"0:18:38";"0:0:0";"0:0:0"
05/03/15;"0:4:47";"0:24:24";"0:29:40";"0:7:53";"0:2:0"
06/03/15;"0:8:44";"0:17:0";"0:15:42";"0:7:2";"0:1:50"
08/03/15;"0:7:48";"0:14:6";"1:11:50";"0:35:0";"0:0:0"
08/03/15;"1:20:14";"0:3:11";"0:0:41";"0:0:0";"0:0:0"
11/03/15;"0:17:30";"0:32:51";"0:12:44";"0:0:13";"0:0:0"
13/03/15;"0:33:59";"0:32:36";"0:3:6";"0:0:24";"0:0:0"
14/03/15;"1:25:48";"0:53:7";"0:24:28";"0:0:0";"0:0:0"
15/03/15;"2:11:29";"0:3:27";"0:0:0";"0:0:0";"0:0:0"
16/03/15;"0:6:51";"0:29:15";"0:26:4";"0:0:5";"0:0:0"
17/03/15;"0:4:47";"0:20:38";"0:17:30";"0:9:31";"0:5:5"
18/03/15;"0:21:18";"0:7:44";"0:9:0";"0:17:39";"0:0:0"
19/03/15;"0:35:46";"0:27:4";"0:5:27";"0:0:0";"0:0:0"
20/03/15;"0:18:29";"0:28:45";"0:11:10";"0:13:36";"0:3:40"
21/03/15;"0:12:6";"0:24:53";"1:16:40";"0:3:49";"0:0:0"
22/03/15;"0:2:2";"0:14:33";"0:18:41";"0:7:14";"0:0:1"
22/03/15;"0:33:18";"0:1:39";"0:0:0";"0:0:0";"0:0:0"
29/03/15;"0:0:11";"0:4:9";"0:36:13";"1:28:16";"0:0:0"
31/03/15;"0:7:28";"0:34:42";"0:18:15";"0:3:33";"0:0:0"
02/04/15;"0:9:17";"0:14:8";"0:21:52";"0:23:14";"0:6:58"
03/04/15;"0:14:41";"0:12:50";"0:14:4";"0:10:42";"0:0:0"
04/04/15;"0:10:51";"0:16:31";"1:23:28";"0:5:18";"0:0:0"
06/04/15;"0:1:5";"0:14:27";"0:38:13";"0:2:34";"0:0:0"
07/04/15;"0:8:43";"0:12:32";"0:22:23";"0:9:28";"0:0:21"
11/04/15;"2:34:47";"1:32:5";"1:34:5";"0:8:21";"0:0:0"
12/04/15;"4:8:22";"1:40:40";"0:57:43";"0:0:0";"0:0:0"
14/04/15;"0:33:6";"0:24:37";"0:53:57";"0:0:2";"0:0:0"
14/04/15;"1:29:14";"0:10:32";"0:0:14";"0:0:0";"0:0:0"
15/04/15;"0:1:37";"0:28:59";"0:27:14";"0:5:12";"0:0:0"
19/04/15;"0:1:4";"0:1:41";"0:0:56";"0:0:0";"0:0:0"
19/04/15;"0:0:36";"0:13:26";"0:23:38";"0:12:13";"0:0:0"
20/04/15;"1:32:25";"0:2:23";"0:3:29";"0:0:25";"0:0:0"
21/04/15;"0:18:3";"0:52:15";"0:37:53";"0:1:16";"0:0:0"
21/04/15;"1:18:11";"0:1:57";"0:0:0";"0:0:0";"0:0:0"
24/04/15;"0:1:43";"0:9:40";"0:1:40";"0:0:0";"0:0:0"
24/04/15;"0:15:15";"0:25:37";"1:25:12";"0:16:53";"0:0:0"
27/04/15;"0:1:3";"0:19:5";"0:18:20";"0:7:42";"0:15:17"
01/05/15;"0:0:47";"0:36:2";"0:39:24";"0:22:14";"0:0:23"
02/05/15;"1:35:36";"0:48:46";"0:26:34";"0:2:1";"0:0:5"
03/05/15;"0:0:14";"0:0:28";"0:24:19";"0:47:11";"0:0:22"
05/05/15;"0:3:53";"0:27:39";"0:23:41";"0:0:13";"0:0:0"
07/05/15;"0:29:10";"0:20:18";"0:12:38";"0:0:0";"0:0:0"
08/05/15;"0:4:48";"0:23:23";"0:36:7";"0:10:18";"0:0:0"
09/05/15;"0:0:0";"0:0:0";"0:0:0";"0:0:0";"0:0:0"
09/05/15;"0:0:0";"0:0:0";"0:0:0";"0:0:0";"0:0:0"
11/05/15;"0:10:41";"0:18:55";"0:15:46";"0:9:12";"0:2:26"
17/05/15;"0:0:0";"0:0:0";"0:0:0";"0:0:0";"0:0:0"
17/05/15;"0:17:4";"0:30:43";"0:3:20";"0:0:0";"0:0:0"
23/05/15;"0:14:49";"0:31:45";"0:26:8";"0:1:32";"0:0:0"
24/05/15;"2:57:50";"0:58:39";"0:36:3";"0:28:44";"0:0:0"
26/05/15;"0:1:28";"0:6:42";"0:32:29";"0:20:19";"0:0:26"
29/05/15;"0:1:52";"0:19:39";"0:13:12";"0:31:33";"0:4:56"
31/05/15;"0:3:13";"0:33:42";"0:22:5";"0:26:21";"0:1:55"
02/06/15;"0:6:23";"0:47:8";"0:23:56";"0:0:0";"0:0:0"
02/06/15;"0:11:17";"0:32:15";"0:31:27";"0:0:0";"0:0:0"
03/06/15;"0:0:34";"0:23:10";"0:34:23";"0:17:7";"0:0:0"
05/06/15;"0:6:8";"0:10:59";"0:8:18";"0:8:23";"0:0:3"
06/06/15;"1:7:2";"1:48:56";"1:27:10";"0:5:19";"0:0:0"
09/06/15;"0:19:5";"0:41:49";"0:12:32";"0:1:1";"0:0:0"
09/06/15;"0:0:16";"0:0:4";"0:0:24";"0:20:39";"0:0:0"
09/06/15;"0:8:45";"0:0:47";"0:0:0";"0:0:0";"0:0:0"
11/06/15;"0:29:54";"0:12:51";"0:23:3";"0:0:20";"0:0:0"
14/06/15;"0:18:56";"0:51:34";"0:58:31";"0:13:31";"0:0:0"
15/06/15;"0:3:10";"0:16:12";"0:21:18";"0:12:37";"0:0:5"
17/06/15;"0:6:17";"0:19:14";"0:21:53";"0:0:22";"0:0:0"
17/06/15;"0:24:21";"0:23:8";"0:16:4";"0:11:3";"0:0:0"
17/06/15;"0:1:2";"0:7:14";"0:35:56";"0:0:30";"0:0:0"
18/06/15;"0:7:10";"0:10:42";"0:1:33";"0:0:0";"0:0:0"
18/06/15;"0:0:26";"0:7:12";"0:9:50";"0:0:16";"0:0:0"
20/06/15;"0:0:0";"0:0:0";"0:0:0";"0:0:0";"0:0:0"
20/06/15;"0:3:47";"0:29:49";"0:12:44";"0:6:41";"0:0:0"
21/06/15;"0:4:47";"0:28:57";"0:38:2";"0:3:14";"0:0:0"
24/06/15;"0:2:59";"0:12:15";"0:21:9";"0:1:56";"0:0:0"
26/06/15;"0:12:19";"0:15:17";"0:3:5";"0:0:0";"0:0:0"
27/06/15;"1:3:39";"4:14:39";"5:30:49";"0:1:36";"0:0:0"
02/07/15;"1:24:13";"0:1:19";"0:0:0";"0:0:0";"0:0:0"
03/07/15;"6:0:1";"0:19:52";"0:0:0";"0:0:0";"0:0:0"
03/07/15;"0:56:56";"0:0:0";"0:0:0";"0:0:0";"0:0:0"
04/07/15;"0:10:34";"0:18:46";"0:27:31";"0:14:54";"0:0:0"
05/07/15;"0:37:10";"0:39:35";"0:55:0";"0:15:31";"0:0:0"
07/07/15;"0:4:5";"0:11:42";"0:14:7";"0:8:17";"0:0:14"
10/07/15;"0:3:44";"0:17:40";"0:16:56";"0:13:30";"0:0:0"
21/07/15;"0:2:32";"0:19:58";"0:23:12";"0:1:7";"0:0:0"
22/07/15;"0:18:6";"0:15:40";"0:24:8";"0:19:52";"0:0:0"
22/07/15;"0:0:0";"0:0:0";"0:0:0";"0:0:0";"0:0:0"
23/07/15;"0:0:0";"0:0:0";"0:0:0";"0:0:0";"0:0:0"
24/07/15;"0:59:13";"1:47:40";"2:46:21";"0:22:29";"0:0:0"
26/07/15;"0:19:52";"0:11:5";"0:26:18";"0:23:16";"0:0:24"
28/07/15;"1:20:37";"1:23:34";"2:13:13";"0:23:45";"0:0:0"
30/07/15;"0:1:48";"0:20:55";"0:19:30";"0:2:40";"0:0:0"
01/08/15;"1:32:1";"0:15:52";"0:3:18";"0:0:0";"0:0:0"
02/08/15;"1:13:17";"0:7:39";"0:17:34";"0:46:36";"0:0:0"
05/08/15;"0:18:25";"0:37:36";"0:18:7";"0:1:5";"0:0:0"
06/08/15;"0:12:24";"0:0:50";"0:0:0";"0:0:0";"0:0:0"
06/08/15;"0:28:3";"1:19:8";"1:45:52";"0:26:27";"0:0:0"
09/08/15;"0:39:28";"0:40:13";"0:51:58";"0:21:29";"0:1:11"
10/08/15;"0:9:34";"0:17:54";"0:10:45";"0:8:36";"0:0:42"
12/08/15;"1:37:8";"0:32:19";"0:6:58";"0:0:0";"0:0:0"
12/08/15;"0:11:5";"0:33:19";"0:23:28";"0:3:23";"0:0:0"
14/08/15;"0:10:38";"0:18:32";"0:16:35";"0:26:51";"0:0:6"
15/08/15;"2:41:47";"1:22:45";"0:24:53";"0:0:28";"0:0:0"
16/08/15;"0:45:48";"0:14:55";"0:4:47";"0:0:0";"0:0:0"
16/08/15;"0:18:19";"0:13:4";"0:5:52";"0:0:0";"0:0:0"
16/08/15;"0:26:6";"0:0:42";"0:0:0";"0:0:0";"0:0:0"
17/08/15;"0:44:9";"0:12:32";"0:6:47";"0:0:0";"0:0:0"
19/08/15;"0:21:8";"0:22:21";"0:15:4";"0:14:5";"0:0:0"
20/08/15;"0:12:53";"0:28:3";"0:14:11";"0:1:51";"0:0:0"
22/08/15;"4:23:39";"0:51:35";"0:20:58";"0:10:30";"0:0:0"
23/08/15;"0:36:55";"0:18:1";"1:1:52";"0:10:18";"0:0:0"
25/08/15;"0:43:37";"0:2:36";"0:16:54";"0:16:21";"0:0:0"
27/08/15;"0:2:30";"0:17:25";"0:26:31";"0:10:11";"0:3:55"
27/08/15;"0:0:20";"0:16:22";"0:33:0";"0:0:0";"0:0:0"
28/08/15;"0:14:2";"0:26:55";"0:15:28";"0:0:0";"0:0:0"
29/08/15;"0:16:12";"0:7:41";"0:5:12";"0:0:0";"0:0:0"
30/08/15;"0:1:20";"0:32:16";"0:17:9";"0:18:26";"0:0:0"
31/08/15;"0:8:54";"0:22:50";"0:21:29";"0:4:15";"0:0:0"
01/09/15;"0:1:48";"0:39:29";"0:25:47";"0:0:0";"0:0:0"
05/09/15;"0:0:8";"0:0:8";"0:0:11";"0:40:10";"0:0:0"
06/09/15;"0:0:19";"0:8:44";"0:33:51";"0:3:2";"0:0:0"
06/09/15;"0:56:35";"0:0:5";"0:0:0";"0:0:0";"0:0:0"
06/09/15;"0:14:3";"0:3:11";"0:0:39";"0:0:21";"0:0:0"
07/09/15;"0:5:39";"0:14:40";"0:27:17";"0:0:26";"0:0:0"
09/09/15;"0:4:46";"0:29:13";"0:24:13";"0:3:11";"0:0:0"
10/09/15;"0:14:25";"0:12:38";"0:8:22";"0:6:46";"0:4:12"
11/09/15;"0:35:21";"0:25:29";"0:8:34";"0:0:0";"0:0:0"
12/09/15;"1:16:6";"0:53:48";"0:8:20";"0:0:0";"0:0:0"
13/09/15;"0:49:4";"0:0:0";"0:0:0";"0:0:0";"0:0:0"
14/09/15;"0:38:15";"0:13:8";"0:8:41";"0:1:46";"0:0:0"
15/09/15;"0:6:49";"0:24:17";"0:8:46";"0:0:0";"0:0:0"
15/09/15;"0:5:17";"0:21:25";"0:24:14";"0:20:34";"0:0:0"
16/09/15;"0:3:49";"0:18:59";"0:28:38";"0:16:44";"0:0:0"
19/09/15;"0:17:31";"1:16:26";"2:38:16";"0:12:14";"0:0:0"
20/09/15;"0:16:46";"0:12:23";"0:16:40";"0:3:44";"0:0:0"
22/09/15;"0:1:0";"0:0:0";"0:0:0";"0:0:0";"0:0:0"
23/09/15;"0:3:4";"0:8:31";"0:33:17";"0:12:28";"0:0:0"
25/09/15;"0:19:44";"0:17:39";"0:3:14";"0:1:7";"0:0:0"
26/09/15;"0:0:22";"0:2:56";"1:36:27";"1:36:32";"0:1:16"
27/09/15;"0:53:11";"0:10:35";"0:1:53";"0:0:0";"0:0:0"
28/09/15;"0:13:2";"0:20:31";"0:8:51";"0:7:53";"0:0:8"
29/09/15;"0:14:43";"0:33:25";"0:11:0";"0:0:0";"0:0:0"
02/10/15;"0:1:44";"0:18:5";"0:34:41";"0:7:52";"0:0:0"
03/10/15;"0:0:0";"0:0:0";"0:0:0";"0:0:0";"0:0:0"
03/10/15;"0:7:19";"0:5:48";"0:6:34";"0:0:0";"0:0:0"
04/10/15;"0:8:51";"0:20:52";"0:28:45";"0:14:51";"0:0:0"
04/10/15;"0:56:20";"0:10:25";"0:7:24";"0:2:58";"0:1:45"
05/10/15;"0:28:13";"0:23:21";"0:6:7";"0:0:12";"0:0:0"
06/10/15;"0:10:18";"0:15:40";"0:9:25";"0:18:55";"0:0:0"
07/10/15;"0:4:56";"0:24:35";"0:5:3";"0:0:0";"0:0:0"
07/10/15;"0:0:0";"0:0:0";"0:0:0";"0:0:0";"0:0:0"
09/10/15;"0:27:55";"0:6:53";"0:5:11";"0:3:9";"0:0:0"
11/10/15;"0:0:8";"0:0:11";"0:51:14";"1:44:27";"0:0:20"
11/10/15;"1:25:46";"0:0:0";"0:0:0";"0:0:0";"0:0:0"
12/10/15;"0:33:17";"0:13:31";"0:12:45";"0:0:0";"0:0:0"
16/10/15;"0:0:30";"0:4:55";"0:2:38";"0:0:0";"0:0:0"
17/10/15;"0:5:10";"0:32:0";"1:16:35";"0:1:18";"0:0:0"
17/10/15;"0:44:39";"0:2:44";"0:2:7";"0:0:15";"0:0:0"
18/10/15;"0:1:32";"0:24:28";"0:26:10";"0:1:29";"0:0:0"
20/10/15;"0:23:7";"0:31:17";"0:13:30";"0:0:0";"0:0:0"
23/10/15;"0:57:25";"5:20:49";"7:48:25";"0:5:43";"0:0:0"
30/10/15;"0:1:19";"0:17:8";"0:28:13";"0:5:45";"0:0:0"
30/10/15;"0:43:30";"0:1:52";"0:0:0";"0:0:0";"0:0:0"
31/10/15;"0:17:54";"0:23:54";"0:31:6";"0:1:12";"0:0:0"
01/11/15;"1:7:7";"0:47:1";"0:4:32";"0:0:0";"0:0:0"
03/11/15;"0:0:44";"0:17:10";"0:25:32";"0:6:34";"0:0:38"
05/11/15;"0:1:55";"0:15:19";"0:35:3";"0:17:47";"0:0:53"
07/11/15;"0:0:55";"0:8:16";"0:44:4";"0:25:39";"0:5:3"
09/11/15;"0:12:11";"0:22:37";"0:16:10";"0:22:4";"0:1:22"
10/11/15;"0:4:28";"0:26:30";"0:28:5";"0:2:8";"0:0:29"
11/11/15;"1:40:16";"1:9:55";"0:43:40";"0:0:0";"0:0:0"
13/11/15;"0:7:42";"0:22:14";"0:7:2";"0:0:0";"0:0:0"
18/11/15;"0:1:2";"0:2:31";"0:34:6";"0:8:59";"0:0:0"
20/11/15;"0:4:32";"0:16:16";"0:29:53";"0:10:39";"0:0:7"
22/11/15;"0:21:46";"0:1:27";"0:0:0";"0:0:0";"0:0:0"
22/11/15;"0:14:8";"0:48:35";"0:49:15";"0:46:53";"0:1:53"
22/11/15;"0:3:4";"0:12:31";"0:6:19";"0:0:0";"0:0:0"
23/11/15;"0:10:56";"0:23:56";"0:17:37";"0:6:9";"0:0:13"
26/11/15;"0:1:37";"0:4:34";"0:28:42";"0:11:30";"0:0:0"
27/11/15;"0:8:19";"0:15:54";"0:26:46";"0:6:55";"0:0:0"
28/11/15;"0:17:23";"0:14:33";"0:36:11";"0:0:0";"0:0:0"
28/11/15;"0:51:56";"0:40:13";"0:31:5";"0:0:37";"0:0:0"
29/11/15;"0:25:7";"0:27:48";"0:35:9";"0:0:0";"0:0:0"
30/11/15;"0:16:6";"0:26:10";"0:15:23";"0:0:16";"0:0:0"
01/12/15;"0:0:16";"0:11:45";"0:28:19";"0:5:0";"0:0:0"
02/12/15;"0:1:52";"0:27:7";"0:25:17";"0:2:20";"0:0:0"
04/12/15;"0:7:47";"0:17:23";"0:22:3";"0:12:23";"0:0:0"
05/12/15;"0:0:0";"0:0:0";"0:0:0";"0:0:0";"0:0:0"
06/12/15;"0:26:5";"0:25:23";"1:19:33";"0:6:13";"0:0:0"
07/12/15;"0:16:7";"0:23:6";"0:9:59";"0:1:24";"0:0:0"
08/12/15;"0:1:2";"0:11:46";"0:26:42";"0:15:37";"0:0:0"
09/12/15;"0:9:48";"0:28:51";"0:26:54";"0:31:0";"0:0:13"
12/12/15;"0:20:55";"0:14:14";"1:20:5";"0:13:43";"0:0:0"
13/12/15;"0:23:36";"0:53:48";"1:41:5";"0:13:51";"0:0:22"
15/12/15;"0:0:7";"0:30:18";"0:27:12";"0:5:7";"0:2:55"
16/12/15;"0:4:41";"0:26:0";"0:32:37";"0:0:1";"0:0:0"
19/12/15;"0:13:2";"0:3:42";"0:7:18";"0:9:6";"0:0:0"
19/12/15;"0:0:6";"0:0:36";"0:2:10";"0:25:53";"0:0:0"
19/12/15;"0:12:41";"0:21:19";"0:8:37";"0:0:0";"0:0:0"
20/12/15;"1:51:43";"1:45:35";"1:10:57";"0:2:9";"0:0:0"
22/12/15;"0:13:24";"0:40:56";"0:28:25";"0:5:7";"0:0:0"
23/12/15;"0:1:39";"0:33:1";"0:50:18";"0:4:15";"0:0:0"
23/12/15;"0:0:0";"0:0:0";"0:0:0";"0:0:0";"0:0:0"
24/12/15;"0:7:2";"0:22:49";"0:57:47";"0:12:45";"0:0:0"
25/12/15;"0:0:0";"0:0:0";"0:0:0";"0:0:0";"0:0:0"
25/12/15;"0:10:59";"0:5:25";"0:43:24";"0:0:6";"0:0:0"
26/12/15;"0:52:25";"0:38:29";"0:42:0";"0:0:0";"0:0:0"
26/12/15;"1:57:8";"0:40:1";"0:34:39";"0:2:18";"0:0:0"
27/12/15;"0:11:35";"0:26:58";"1:20:30";"0:5:35";"0:0:0"
27/12/15;"1:30:44";"0:8:6";"0:0:38";"0:0:0";"0:0:0"
28/12/15;"0:5:52";"0:30:3";"0:29:55";"0:2:49";"0:0:0"
30/12/15;"0:8:46";"0:22:34";"0:30:56";"0:4:19";"0:0:0"
31/12/15;"0:3:30";"0:21:25";"0:29:40";"0:7:22";"0:0:0"
01/01/16;"0:58:21";"0:42:48";"0:15:7";"0:0:34";"0:0:0"
02/01/16;"0:20:59";"0:32:49";"1:10:3";"0:5:34";"0:0:0"
03/01/16;"1:29:0";"1:25:31";"0:9:10";"0:0:0";"0:0:0"
03/01/16;"0:0:31";"0:23:51";"0:20:35";"0:2:25";"0:0:0"
05/01/16;"0:21:6";"0:17:46";"1:55:9";"0:5:10";"0:0:0"
07/01/16;"0:0:31";"0:11:32";"0:15:27";"0:5:10";"0:1:33"
07/01/16;"0:0:0";"0:0:0";"0:0:0";"0:0:0";"0:0:0"
08/01/16;"0:5:30";"0:18:53";"0:21:19";"0:9:44";"0:8:47"
09/01/16;"0:0:50";"0:10:25";"0:35:32";"0:0:42";"0:0:0"
10/01/16;"0:2:7";"0:20:56";"0:29:12";"0:13:38";"0:0:12"
11/01/16;"0:3:25";"0:18:54";"0:23:16";"0:0:0";"0:0:0"
11/01/16;"0:25:49";"0:26:2";"0:0:14";"0:0:0";"0:0:0"
12/01/16;"0:0:33";"0:25:3";"0:22:29";"0:12:16";"0:2:2"
13/01/16;"0:56:56";"0:51:38";"0:38:17";"0:1:38";"0:0:0"
15/01/16;"0:6:11";"0:26:1";"0:12:14";"0:12:36";"0:1:6"
17/01/16;"0:29:4";"0:33:34";"0:49:14";"0:25:46";"0:0:0"
17/01/16;"0:26:0";"0:7:3";"0:1:10";"0:0:0";"0:0:0"
26/01/16;"0:1:32";"0:23:1";"0:0:41";"0:0:0";"0:0:0"
02/02/16;"0:10:8";"0:27:34";"0:10:53";"0:2:3";"0:0:0"
03/02/16;"0:2:17";"0:4:16";"0:33:37";"0:0:0";"0:0:0"
05/02/16;"0:18:58";"0:20:28";"0:16:41";"0:2:4";"0:0:0"
06/02/16;"0:34:34";"0:10:9";"0:54:43";"0:44:58";"0:0:0"
08/02/16;"0:1:43";"0:19:31";"0:24:57";"0:0:51";"0:0:0"
10/02/16;"0:33:11";"0:31:13";"0:47:57";"0:3:41";"0:0:0"
13/02/16;"0:1:30";"0:12:56";"0:15:19";"0:3:2";"0:0:0"
14/02/16;"0:3:18";"0:17:28";"2:26:38";"0:43:41";"0:0:0"
15/02/16;"1:22:55";"0:13:46";"0:8:49";"0:0:0";"0:0:0"
17/02/16;"1:31:25";"0:7:46";"0:0:0";"0:0:0";"0:0:0"
17/02/16;"0:11:25";"0:16:28";"0:29:56";"0:26:18";"0:0:0"
18/02/16;"0:13:31";"0:14:1";"1:12:51";"0:11:53";"0:0:0"
19/02/16;"0:16:50";"0:21:49";"0:39:26";"0:0:35";"0:0:0"
20/02/16;"0:13:13";"0:8:57";"1:10:28";"0:2:18";"0:0:0"
20/02/16;"0:5:39";"0:6:43";"0:47:19";"0:20:44";"0:0:0"
21/02/16;"3:24:1";"1:35:36";"0:42:51";"0:0:10";"0:0:0"
23/02/16;"0:24:11";"0:17:56";"0:8:27";"0:2:4";"0:0:0"
24/02/16;"0:6:27";"0:18:33";"0:14:54";"0:8:53";"0:6:14"
24/02/16;"0:35:46";"0:26:54";"0:9:20";"0:1:20";"0:0:0"
26/02/16;"0:26:56";"0:38:2";"0:8:22";"0:1:2";"0:0:0"
27/02/16;"0:19:24";"0:8:38";"0:56:56";"0:39:25";"0:0:0"
27/02/16;"0:0:0";"0:0:0";"0:0:0";"0:0:0";"0:0:0"
28/02/16;"0:22:59";"0:9:37";"1:21:7";"0:0:57";"0:0:0"
29/02/16;"0:30:48";"0:23:31";"0:5:15";"0:0:0";"0:0:0"
02/03/16;"0:9:46";"0:16:25";"0:15:6";"0:11:2";"0:2:14"
03/03/16;"0:12:3";"0:32:5";"0:14:59";"0:2:15";"0:0:0"
05/03/16;"0:14:59";"0:13:30";"0:41:53";"0:35:21";"0:0:16"
06/03/16;"0:14:41";"0:15:32";"0:47:55";"0:14:22";"0:0:0"
07/03/16;"0:20:42";"0:21:39";"0:13:8";"0:5:39";"0:0:0"
08/03/16;"0:10:54";"0:15:51";"0:18:28";"0:9:10";"0:0:34"
09/03/16;"0:1:8";"0:7:26";"0:25:3";"0:12:37";"0:2:57"
10/03/16;"0:0:32";"0:14:48";"0:24:8";"0:0:0";"0:0:0"
11/03/16;"1:40:14";"0:41:32";"1:22:15";"0:31:19";"0:0:3"
12/03/16;"1:56:21";"0:28:9";"1:4:36";"0:0:0";"0:0:0"
13/03/16;"2:5:24";"0:39:49";"0:10:25";"0:0:0";"0:0:0"
14/03/16;"0:17:13";"0:17:41";"0:10:32";"0:6:59";"0:3:38"
14/03/16;"0:14:35";"0:16:30";"0:10:29";"0:7:0";"0:3:32"
15/03/16;"0:1:28";"0:20:18";"0:19:32";"0:23:17";"0:0:41"
15/03/16;"0:0:3";"0:0:33";"0:1:43";"0:0:0";"0:0:0"
15/03/16;"0:0:15";"0:0:10";"0:7:44";"0:0:0";"0:0:0"
17/03/16;"0:1:19";"0:20:30";"0:26:42";"0:16:42";"0:2:45"
18/03/16;"0:1:56";"0:21:54";"0:22:31";"0:15:57";"0:1:11"
19/03/16;"4:5:22";"2:20:11";"1:55:27";"0:0:34";"0:0:0"
25/03/16;"0:0:45";"0:11:40";"0:31:20";"0:4:18";"0:0:0"
26/03/16;"0:6:53";"0:2:15";"0:12:5";"0:0:0";"0:0:0"
26/03/16;"0:0:7";"0:7:0";"0:49:3";"1:21:59";"0:0:0"
27/03/16;"0:4:41";"0:25:10";"0:34:42";"0:7:56";"0:0:0"
28/03/16;"0:20:6";"0:26:18";"1:8:0";"0:0:2";"0:0:0"
31/03/16;"0:10:8";"0:29:4";"0:25:37";"0:3:44";"0:0:0"
02/04/16;"1:5:4";"1:31:0";"2:24:3";"0:3:48";"0:0:0"
03/04/16;"0:0:0";"0:0:0";"0:0:0";"0:0:0";"0:0:0"
03/04/16;"0:7:41";"0:44:22";"1:23:57";"0:4:23";"0:0:0"
04/04/16;"0:33:46";"0:13:3";"0:0:0";"0:0:0";"0:0:0"
04/04/16;"0:0:0";"0:0:0";"0:0:0";"0:0:0";"0:0:0"
06/04/16;"0:1:37";"0:19:32";"0:27:27";"0:3:4";"0:0:0"
09/04/16;"0:4:17";"0:34:48";"2:29:5";"0:7:30";"0:0:0"
09/04/16;"0:7:34";"0:4:21";"0:8:11";"0:1:15";"0:0:0"
10/04/16;"0:16:25";"0:2:53";"0:2:46";"0:0:0";"0:0:0"
10/04/16;"0:5:56";"0:29:41";"1:59:20";"0:5:45";"0:0:0"
10/04/16;"0:1:5";"0:15:37";"0:2:44";"0:0:0";"0:0:0"
11/04/16;"0:17:52";"0:14:58";"0:12:27";"0:0:33";"0:0:0"
13/04/16;"0:1:43";"0:18:17";"0:41:21";"0:3:59";"0:0:0"
14/04/16;"0:2:15";"0:17:42";"0:32:45";"0:5:3";"0:0:0"
14/04/16;"0:0:0";"0:0:0";"0:0:0";"0:0:0";"0:0:0"
16/04/16;"1:3:35";"0:38:29";"1:44:37";"0:0:0";"0:0:0"
16/04/16;"0:0:8";"0:12:23";"0:17:6";"0:11:30";"0:0:7"
17/04/16;"0:0:36";"0:8:23";"0:42:26";"0:7:10";"0:0:0"
19/04/16;"0:0:0";"0:0:0";"0:0:0";"0:0:0";"0:0:0"
19/04/16;"0:1:0";"0:14:44";"0:53:58";"0:1:31";"0:0:0"
20/04/16;"0:17:31";"0:42:46";"0:29:41";"0:0:0";"0:0:0"
20/04/16;"0:40:9";"0:24:23";"0:27:40";"0:0:57";"0:0:0"
20/04/16;"0:0:0";"0:0:0";"0:0:0";"0:0:0";"0:0:0"
21/04/16;"0:13:41";"0:36:47";"0:18:43";"0:8:41";"0:0:0"
21/04/16;"0:0:0";"0:0:0";"0:0:0";"0:0:0";"0:0:0"
21/04/16;"0:0:0";"0:0:0";"0:0:0";"0:0:0";"0:0:0"
22/04/16;"0:55:25";"0:0:22";"0:0:0";"0:0:0";"0:0:0"
23/04/16;"1:5:41";"0:40:52";"0:18:16";"0:0:0";"0:0:0"
24/04/16;"3:33:53";"0:48:2";"0:12:37";"0:0:0";"0:0:0"
24/04/16;"0:4:21";"0:34:16";"1:10:26";"0:10:3";"0:0:0"
26/04/16;"0:1:41";"0:27:5";"0:19:52";"0:21:34";"0:0:1"
28/04/16;"0:0:31";"0:23:14";"0:18:5";"0:15:53";"0:0:4"
30/04/16;"2:1:42";"0:44:14";"1:19:24";"0:12:24";"0:0:0"
30/04/16;"0:3:4";"0:9:5";"0:25:7";"0:10:36";"0:0:0"
01/05/16;"0:1:21";"0:29:46";"0:21:4";"0:19:4";"0:0:2"
03/05/16;"0:1:19";"0:19:36";"0:21:5";"0:19:5";"0:10:39"
05/05/16;"6:1:7";"3:46:8";"2:56:17";"0:0:50";"0:0:0"
06/05/16;"0:7:31";"0:55:41";"1:14:45";"0:0:4";"0:0:0"
07/05/16;"3:6:21";"1:32:21";"1:15:11";"0:0:55";"0:0:0"
08/05/16;"1:54:20";"0:32:22";"0:4:20";"0:0:0";"0:0:0"
08/05/16;"0:30:57";"0:43:18";"0:23:58";"0:0:0";"0:0:0"
10/05/16;"0:0:44";"0:17:11";"0:28:58";"0:14:8";"0:1:21"
11/05/16;"0:4:8";"0:28:32";"0:27:33";"0:3:49";"0:0:0"
12/05/16;"0:10:47";"0:24:15";"0:15:23";"0:10:0";"0:6:9"
14/05/16;"0:6:56";"0:48:58";"0:50:10";"0:18:8";"0:0:0"
15/05/16;"1:27:20";"0:58:4";"1:19:47";"0:0:0";"0:0:0"
15/05/16;"0:0:0";"0:0:0";"0:0:0";"0:0:0";"0:0:0"
16/05/16;"1:42:52";"0:19:9";"0:1:12";"0:0:0";"0:0:0"
17/05/16;"0:6:15";"0:31:48";"0:21:21";"0:3:3";"0:0:3"
18/05/16;"0:2:38";"0:31:54";"0:19:2";"0:0:0";"0:0:0"
20/05/16;"0:3:46";"0:22:46";"0:17:32";"0:9:40";"0:0:0"
20/05/16;"0:40:32";"0:35:54";"0:34:36";"0:5:40";"0:0:0"
21/05/16;"0:1:0";"0:9:36";"0:23:50";"0:4:28";"0:0:0"
24/05/16;"0:8:50";"0:22:36";"0:10:21";"0:14:47";"0:0:9"
26/05/16;"0:11:43";"0:23:26";"0:7:32";"0:2:19";"0:0:0"
28/05/16;"0:1:35";"0:20:48";"0:12:17";"0:1:15";"0:0:0"
29/05/16;"0:1:9";"0:45:13";"3:48:24";"0:14:16";"0:0:33"
31/05/16;"0:0:0";"0:0:0";"0:0:0";"0:0:0";"0:0:0"
02/06/16;"0:4:37";"0:14:59";"0:5:20";"0:11:32";"0:0:36"
04/06/16;"0:44:55";"0:59:34";"1:34:18";"0:1:50";"0:0:0"
05/06/16;"1:36:52";"1:14:7";"1:21:36";"0:1:41";"0:0:0"
09/06/16;"0:4:0";"0:23:6";"0:32:54";"0:3:14";"0:0:40"
10/06/16;"0:10:26";"0:18:11";"0:21:58";"0:13:50";"0:5:22"
11/06/16;"0:37:55";"0:50:41";"0:35:7";"0:0:0";"0:0:0"
12/06/16;"0:0:0";"0:0:0";"0:0:0";"0:0:0";"0:0:0"
13/06/16;"0:10:7";"0:12:2";"0:8:36";"0:12:15";"0:0:0"
15/06/16;"0:5:44";"0:13:27";"0:14:21";"0:3:19";"0:0:0"
18/06/16;"0:38:7";"5:37:31";"5:51:33";"0:0:0";"0:0:0"
19/06/16;"0:22:18";"0:4:6";"0:0:0";"0:0:0";"0:0:0"
26/06/16;"0:2:2";"0:14:57";"0:25:17";"0:0:17";"0:0:0"
27/06/16;"0:7:31";"0:28:21";"0:16:55";"0:0:50";"0:0:12"
28/06/16;"0:0:0";"0:0:0";"0:0:0";"0:0:0";"0:0:0"
28/06/16;"0:5:42";"0:19:22";"0:17:40";"0:4:34";"0:0:0"
28/06/16;"0:0:0";"0:0:0";"0:0:0";"0:0:0";"0:0:0"
29/06/16;"0:14:23";"0:21:34";"0:26:14";"0:12:44";"0:0:27"
29/06/16;"0:14:47";"0:10:10";"0:18:15";"0:0:31";"0:0:0"
